strain	length	A	C	G	T	N	other_IUPAC	-	?	invalid_nucleotides
USA/NY/JRT456	3206	793	511	819	1083	0	0	0	0	0
Can/3138_03	3207	790	513	823	1081	0	0	0	0	0
USA/GiGV_WA_RS	3208	794	510	817	1087	0	0	0	0	0
USA/GiGV_WA_DS	3208	794	510	817	1087	0	0	0	0	0
USA/GiGV_WA_MR	3208	795	512	817	1084	0	0	0	0	0
USA/GiGV_WA_CF	3208	794	511	818	1085	0	0	0	0	0
USA/CF214_2	3206	794	511	815	1086	0	0	0	0	0
USA/CS337_1	3207	799	537	819	1052	0	0	0	0	0
USA/Z1A_1	3206	793	514	816	1083	0	0	0	0	0
USA/Ore/OR1a	3206	797	509	814	1086	0	0	0	0	0
USA/NY/NY147	3206	795	510	817	1084	0	0	0	0	0
USA/GRBaV_1	3206	796	508	817	1085	0	0	0	0	0
Ind/RK_1	3204	793	509	822	1080	0	0	0	0	0
USA/Cal/NY699	3206	792	512	818	1084	0	0	0	0	0
USA/Cal/NY700	3206	792	512	818	1084	0	0	0	0	0
USA/Cal/NY701	3205	798	528	820	1059	0	0	0	0	0
USA/Cal/NY702	3206	796	511	815	1084	0	0	0	0	0
USA/Cal/NY703	3206	795	507	817	1087	0	0	0	0	0
USA/Cal/NY704	3206	794	507	818	1087	0	0	0	0	0
USA/Cal/NY705	3206	795	507	817	1087	0	0	0	0	0
USA/Cal/NY913	3206	795	511	816	1084	0	0	0	0	0
USA/Cal/NY921	3206	795	510	815	1086	0	0	0	0	0
USA/Cal/NY926	3206	795	510	816	1085	0	0	0	0	0
SK/SK/SW6	3207	802	539	822	1044	0	0	0	0	0
Can/BCRB1	3207	803	534	816	1054	0	0	0	0	0
Can/BCRB2	3208	795	535	824	1054	0	0	0	0	0
Can/BCRB3	3211	798	538	826	1049	0	0	0	0	0
Can/BCRB4	3207	799	518	817	1073	0	0	0	0	0
Can/BCRB5	3209	803	529	816	1061	0	0	0	0	0
Can/BCRB6	3206	793	513	820	1080	0	0	0	0	0
Can/BCRB7	3206	794	511	820	1081	0	0	0	0	0
Can/BCRB8	3206	795	510	819	1082	0	0	0	0	0
Can/BCRB9	3207	806	533	814	1054	0	0	0	0	0
Can/Can/BCRB10	3207	806	533	814	1054	0	0	0	0	0
Can/Can/BCRB11	3207	806	533	814	1054	0	0	0	0	0
Can/Can/BCRB12	3207	806	533	814	1054	0	0	0	0	0
Can/Can/BCRB13	3207	806	533	814	1054	0	0	0	0	0
Can/Can/BCRB14	3207	806	533	814	1054	0	0	0	0	0
Can/Can/BCRB15	3207	806	533	814	1054	0	0	0	0	0
Can/Can/BCRB16	3207	806	533	814	1054	0	0	0	0	0
Can/Can/BCRB17	3207	806	533	814	1054	0	0	0	0	0
Can/Can/BCRB18	3207	805	534	814	1054	0	0	0	0	0
Can/Can/BCRB19	3207	806	533	813	1055	0	0	0	0	0
Can/Can/BCRB20	3207	806	533	814	1054	0	0	0	0	0
Can/Can/BCRB21	3206	793	512	820	1081	0	0	0	0	0
Can/Can/BCRB22	3206	793	512	820	1081	0	0	0	0	0
Can/Can/BCRB23	3206	799	515	819	1073	0	0	0	0	0
Can/Can/BCRB24	3206	793	512	820	1081	0	0	0	0	0
Can/Can/BCRB25	3206	793	512	820	1081	0	0	0	0	0
Can/Can/BCRB26	3206	793	512	820	1081	0	0	0	0	0
Can/Can/BCRB27	3206	795	510	815	1086	0	0	0	0	0
Can/Can/BCRB28	3205	795	514	815	1081	0	0	0	0	0
Can/Can/BCRB29	3206	795	510	814	1087	0	0	0	0	0
Can/ONRB1	3205	801	534	820	1050	0	0	0	0	0
Can/ONRB2	3205	800	534	821	1050	0	0	0	0	0
Can/ONRB3	3207	801	535	819	1052	0	0	0	0	0
Can/ONRB4	3205	797	533	822	1053	0	0	0	0	0
Can/ONRB5	3207	801	536	819	1051	0	0	0	0	0
Can/ONRB6	3207	799	533	821	1054	0	0	0	0	0
Can/ONRB7	3207	804	535	820	1048	0	0	0	0	0
Can/93_21	3212	796	511	816	1089	0	0	0	0	0
Can/93_26	3205	799	530	824	1052	0	0	0	0	0
USA/Ohi/OH15_44	3205	795	528	828	1054	0	0	0	0	0
UNK/Z_A2V13	3206	798	511	820	1077	0	0	0	0	0
USA/TUCF75	3205	801	532	819	1053	0	0	0	0	0
USA/TUCF84	3205	797	526	818	1064	0	0	0	0	0
USA/LNSA21	3205	800	530	818	1057	0	0	0	0	0
USA/LNSA1	3205	799	532	818	1056	0	0	0	0	0
USA/MCCA66	3205	798	530	819	1058	0	0	0	0	0
USA/ARSY4	3206	794	511	815	1086	0	0	0	0	0
USA/ARSY5	3206	794	507	820	1085	0	0	0	0	0
USA/ARCS10	3206	796	510	819	1081	0	0	0	0	0
USA/ARSY13	3206	800	511	811	1084	0	0	0	0	0
USA/ARSY14	3206	798	510	812	1086	0	0	0	0	0
USA/BVMR68	3206	795	507	821	1083	0	0	0	0	0
USA/BVMR152	3206	794	507	820	1085	0	0	0	0	0
USA/BVPN63	3206	802	512	809	1083	0	0	0	0	0
USA/BVPN64	3206	802	512	809	1083	0	0	0	0	0
USA/BVSE62	3206	794	507	820	1085	0	0	0	0	0
USA/BVSE65	3206	794	507	820	1085	0	0	0	0	0
USA/CYTP4	3206	798	511	814	1083	0	0	0	0	0
USA/CYCS45	3206	798	509	813	1086	0	0	0	0	0
USA/CYCS77	3206	800	507	812	1087	0	0	0	0	0
USA/CYBA82	3206	794	511	815	1086	0	0	0	0	0
USA/DCMR01	3206	794	511	817	1084	0	0	0	0	0
USA/EMGR6	3206	791	514	818	1083	0	0	0	0	0
USA/LNCF1	3206	795	510	816	1085	0	0	0	0	0
USA/LNCF6	3206	796	512	816	1082	0	0	0	0	0
USA/NPPS7	3206	795	511	814	1086	0	0	0	0	0
USA/NPPS9	3206	793	509	817	1087	0	0	0	0	0
USA/OLSY4	3206	794	510	816	1086	0	0	0	0	0
USA/OLSY6	3206	793	508	816	1089	0	0	0	0	0
USA/TUMR5	3206	794	510	813	1089	0	0	0	0	0
USA/VSCS3	3206	799	510	812	1085	0	0	0	0	0
USA/VSCS5	3206	799	511	814	1082	0	0	0	0	0
USA/ZRCS37	3206	801	511	811	1083	0	0	0	0	0
USA/COZN403	3206	794	512	816	1084	0	0	0	0	0
USA/COCF93	3206	795	513	816	1082	0	0	0	0	0
USA/IDGN580	3206	794	510	816	1086	0	0	0	0	0
USA/IDGN596	3206	794	510	815	1087	0	0	0	0	0
OLRS160	3206	802	513	813	1078	0	0	0	0	0
USA/PHCS18	3206	802	513	813	1078	0	0	0	0	0
USA/SICS60	3206	802	513	813	1078	0	0	0	0	0
USA/WASY1	3206	795	509	816	1086	0	0	0	0	0
USA/COMR3	3206	794	510	816	1086	0	0	0	0	0
USA/COMB133	3206	794	510	816	1086	0	0	0	0	0
USA/NY175A	3205	796	535	818	1056	0	0	0	0	0
Can/NSRB1	3206	799	516	809	1082	0	0	0	0	0
Can/NSRB2	3205	792	508	819	1086	0	0	0	0	0
Can/NSRB3	3206	796	509	814	1087	0	0	0	0	0
Can/NSRB4	3205	793	509	817	1086	0	0	0	0	0
Can/NSRB5	3208	796	510	815	1087	0	0	0	0	0
Can/NSRB6	3208	797	529	826	1056	0	0	0	0	0
Can/NSRB7	3206	790	511	810	1081	0	14	0	0	0
Can/NSRB8	3207	791	532	822	1051	0	11	0	0	0
Mex/Guadalupe_JCT	3209	807	529	813	1059	0	1	0	0	0
Mex/Guadalupe_JGB	3205	790	533	817	1059	0	6	0	0	0
USA/MO_CC7	3205	796	532	823	1054	0	0	0	0	0
USA/Ida/GRBV_ID13_Syrah_2014	3205	794	507	820	1084	0	0	0	0	0
USA/Ida/GRBV_ID14_Syrah_2014	3207	796	510	818	1083	0	0	0	0	0
USA/Ida/GRBV_ID15_Syrah_2014	3206	797	510	812	1087	0	0	0	0	0
USA/Ida/GRBV_IDB8_Merlot_2011	3206	796	510	814	1086	0	0	0	0	0
USA/Ida/GRBV_IDA8_Syrah_2011	3206	797	510	813	1086	0	0	0	0	0
USA/MWC_130	3206	792	509	817	1088	0	0	0	0	0
USA/MWC_166	3206	795	509	816	1086	0	0	0	0	0
USA/MWC_211	3206	792	510	817	1087	0	0	0	0	0
USA/CF214_1	3206	794	511	815	1086	0	0	0	0	0
USA/Ari/AzDOV	3205	799	532	819	1055	0	0	0	0	0
USA/Ari/AzMVTN	3205	798	534	819	1054	0	0	0	0	0
USA/Tex/TXBDS59	3183	800	513	804	1066	0	0	0	0	0
USA/Tex/TXBDS63	3183	799	513	804	1067	0	0	0	0	0
USA/Tex/TXBDS65	3183	803	514	798	1068	0	0	0	0	0
USA/Tex/TXBDS66	3183	799	513	803	1068	0	0	0	0	0
USA/Tex/TXBDS70	3183	799	513	802	1069	0	0	0	0	0
USA/Tex/TXBDS711	3183	794	511	805	1073	0	0	0	0	0
USA/Tex/TXBDS712	3183	801	511	802	1069	0	0	0	0	0
USA/Flo/FLBDS92	3181	793	511	805	1072	0	0	0	0	0
USA/Flo/FLBDS94	3181	792	511	805	1073	0	0	0	0	0
GP220641_C11_8_BC02	3086	758	485	780	1027	35	1	0	0	0
GRBaV_PosCtrl2_BC12	3208	791	511	817	1086	1	2	0	0	0
GP220641_C11_7_BC01	3006	672	426	693	884	331	0	0	0	0
GP220589_C60_1_BC04	3210	791	503	808	1080	26	2	0	0	0
GRBaV_PosCtrl_BC12	3209	792	511	817	1088	1	0	0	0	0
GP220641_C11_6_BC10	3067	758	487	786	1026	9	1	0	0	0
GP220641_C11_5_BC09	3209	792	511	812	1091	1	2	0	0	0
GP220641_C11_3_BC07	3087	750	480	774	1015	68	0	0	0	0
GP220641_C11_2_BC06	2868	570	354	588	747	609	0	0	0	0
GP220640_C10_8_BC04	3091	753	478	771	1011	77	1	0	0	0
GRBaV_PosCtrl3_GP220469_C4_3_BC12	3209	792	511	817	1087	1	1	0	0	0
GP220638_C8_BC04	3082	759	487	783	1031	21	1	0	0	0
GP220637_C7_BC03	3084	760	487	789	1032	15	1	0	0	0
GRBaV_PosCtrl_GP220469_C4_3	3209	791	511	817	1088	1	1	0	0	0
GRBaV_PosCtrl_GP220469_C4_3C	3209	792	510	816	1088	3	0	0	0	0
GP220725_C36_BC06	2868	685	442	692	920	129	0	0	0	0
GRBaVPosGP220469_C4_3	3209	791	510	815	1088	5	0	0	0	0
GP220784_V51_BC08	3097	765	495	795	1041	0	1	0	0	0
GP220725_V25_BC07	3092	658	425	690	909	410	0	0	0	0
GRBaV_positCTL_GP220469_C4_3_3_BC12	3209	791	511	817	1086	3	1	0	0	0
GP220469_C4_10_2_BC10	3084	745	481	780	1014	64	0	0	0	0
GP220469_C4_5_2_BC05	2864	472	307	456	640	988	1	0	0	0
GP220469_C4_3_1BC03	3208	791	511	817	1087	0	2	0	0	0
PositiveCtrlRB12	3208	791	510	817	1088	1	1	0	0	0
GP220640_C10_2barcode10	3082	756	485	770	1015	53	3	0	0	0
PostCTLRB12_4_3	3208	792	511	817	1088	0	0	0	0	0
GP220469_C4_6_BC10	3072	668	418	681	908	397	0	0	0	0
